Agent ID,Agent_Name,Agent_Email_Id,Agent_DOB,Agent_Age
1,Rahul Sharma,rahul.sharma@google.com,18/06/1991,34
2,Priya Verma,priya.verma@google.com,13/09/1988,37
3,Arjun Patel,arjun.patel@google.com,30/06/2000,25
4,Neha Gupta,neha.gupta@google.com,3/7/1986,39
5,Karan Mehta,karan.mehta@google.com,27/01/1999,27
6,Sneha Reddy,sneha.reddy@google.com,9/2/1998,28
7,Amit Singh,amit.singh@google.com,12/7/1986,39
8,Pooja Nair,pooja.nair@google.com,12/6/1988,37
9,Rohit Jain,rohit.jain@google.com,17/04/1989,36
10,Kavya Iyer,kavya.iyer@google.com,12/8/1997,28
11,Vikram Malhotra,vikram.malhotra@google.com,13/07/1988,37
12,Ananya Desai,ananya.desai@google.com,24/09/1987,38
13,Sandeep Kumar,sandeep.kumar@google.com,18/07/1985,40
14,Ritu Agarwal,ritu.agarwal@google.com,12/9/1991,34
15,Aditya Kapoor,aditya.kapoor@google.com,31/12/1994,31
16,Meera Joshi,meera.joshi@google.com,25/08/1991,34
17,Nikhil Bansal,nikhil.bansal@google.com,19/07/1987,38
18,Shreya Kulkarni,shreya.kulkarni@google.com,13/02/1997,29
19,Varun Chatterjee,varun.chatterjee@google.com,3/8/1988,37
20,Aisha Khan,aisha.khan@google.com,23/04/1987,38
21,Deepak Yadav,deepak.yadav@google.com,4/1/2000,26
22,Tanvi Shah,tanvi.shah@google.com,21/06/1989,36
23,Rakesh Mishra,rakesh.mishra@google.com,27/06/1989,36
24,Divya Menon,divya.menon@google.com,4/3/1985,41
25,Abhishek Srivastava,abhishek.srivastava@google.com,2/9/1998,27
26,Nisha Kapoor,nisha.kapoor@google.com,9/7/1995,30
27,Gaurav Saxena,gaurav.saxena@google.com,8/1/1993,33
28,Komal Arora,komal.arora@google.com,9/1/1999,27
29,Mohit Sinha,mohit.sinha@google.com,6/1/1992,34
30,Pankaj Tripathi,pankaj.tripathi@google.com,14/01/1995,31
31,Aditi Bhatt,aditi.bhatt@google.com,10/12/1989,36
32,Kunal Arvind,kunal.arvind@google.com,23/05/1996,29
33,Suman Rao,suman.rao@google.com,2/12/1988,37
34,Vivek Shetty,vivek.shetty@google.com,8/8/1986,39
35,Ankita Das,ankita.das@google.com,10/5/1990,35
36,Rajiv Menon,rajiv.menon@google.com,16/06/1998,27
37,Simran Kaur,simran.kaur@google.com,15/07/1993,32
38,Harish Nair,harish.nair@google.com,8/2/1988,38
39,Tushar Goyal,tushar.goyal@google.com,14/05/1999,26
40,Payal Bhatia,payal.bhatia@google.com,9/3/1993,32
41,Manish Pandey,manish.pandey@google.com,13/06/1990,35
42,Rohan Kulkarni,rohan.kulkarni@google.com,4/11/2000,25
43,Shruti Chawla,shruti.chawla@google.com,29/01/1994,32
44,Ajay Thakur,ajay.thakur@google.com,19/03/1986,39
45,Sakshi Anand,sakshi.anand@google.com,7/4/1995,30
46,Karthik Reddy,karthik.reddy@google.com,16/01/2000,26
47,Nitin Agarwal,nitin.agarwal@google.com,5/3/1996,30
48,Bhavna Sethi,bhavna.sethi@google.com,6/10/1993,32
49,Yash Gupta,yash.gupta@google.com,12/12/1994,31
50,Preeti Malhotra,preeti.malhotra@google.com,8/8/1990,35
